rep_id,frame_in_rep,frame_absolute,rest_ms_before,left_elbow_user,left_elbow_gt,left_elbow_diff,left_elbow_flagged,left_elbow_annotation,right_elbow_user,right_elbow_gt,right_elbow_diff,right_elbow_flagged,right_elbow_annotation,left_knee_user,left_knee_gt,left_knee_diff,left_knee_flagged,left_knee_annotation,right_knee_user,right_knee_gt,right_knee_diff,right_knee_flagged,right_knee_annotation,left_hip_user,left_hip_gt,left_hip_diff,left_hip_flagged,left_hip_annotation,right_hip_user,right_hip_gt,right_hip_diff,right_hip_flagged,right_hip_annotation,left_ankle_user,left_ankle_gt,left_ankle_diff,left_ankle_flagged,left_ankle_annotation,right_ankle_user,right_ankle_gt,right_ankle_diff,right_ankle_flagged,right_ankle_annotation,left_elbow_angular_speed_user,left_elbow_angular_speed_gt,left_elbow_angular_speed_diff,left_elbow_angular_speed_flagged,left_elbow_angular_speed_annotation,right_elbow_angular_speed_user,right_elbow_angular_speed_gt,right_elbow_angular_speed_diff,right_elbow_angular_speed_flagged,right_elbow_angular_speed_annotation,left_knee_angular_speed_user,left_knee_angular_speed_gt,left_knee_angular_speed_diff,left_knee_angular_speed_flagged,left_knee_angular_speed_annotation,right_knee_angular_speed_user,right_knee_angular_speed_gt,right_knee_angular_speed_diff,right_knee_angular_speed_flagged,right_knee_angular_speed_annotation,left_hip_angular_speed_user,left_hip_angular_speed_gt,left_hip_angular_speed_diff,left_hip_angular_speed_flagged,left_hip_angular_speed_annotation,right_hip_angular_speed_user,right_hip_angular_speed_gt,right_hip_angular_speed_diff,right_hip_angular_speed_flagged,right_hip_angular_speed_annotation,left_ankle_angular_speed_user,left_ankle_angular_speed_gt,left_ankle_angular_speed_diff,left_ankle_angular_speed_flagged,left_ankle_angular_speed_annotation,right_ankle_angular_speed_user,right_ankle_angular_speed_gt,right_ankle_angular_speed_diff,right_ankle_angular_speed_flagged,right_ankle_angular_speed_annotation,left_elbow_acceleration_user,left_elbow_acceleration_gt,left_elbow_acceleration_diff,left_elbow_acceleration_flagged,left_elbow_acceleration_annotation,right_elbow_acceleration_user,right_elbow_acceleration_gt,right_elbow_acceleration_diff,right_elbow_acceleration_flagged,right_elbow_acceleration_annotation,left_hip_acceleration_user,left_hip_acceleration_gt,left_hip_acceleration_diff,left_hip_acceleration_flagged,left_hip_acceleration_annotation,right_hip_acceleration_user,right_hip_acceleration_gt,right_hip_acceleration_diff,right_hip_acceleration_flagged,right_hip_acceleration_annotation,left_knee_acceleration_user,left_knee_acceleration_gt,left_knee_acceleration_diff,left_knee_acceleration_flagged,left_knee_acceleration_annotation,right_knee_acceleration_user,right_knee_acceleration_gt,right_knee_acceleration_diff,right_knee_acceleration_flagged,right_knee_acceleration_annotation,left_ankle_acceleration_user,left_ankle_acceleration_gt,left_ankle_acceleration_diff,left_ankle_acceleration_flagged,left_ankle_acceleration_annotation,right_ankle_acceleration_user,right_ankle_acceleration_gt,right_ankle_acceleration_diff,right_ankle_acceleration_flagged,right_ankle_acceleration_annotation
0,0,112,0,143.034640268414,149.70473654768742,-6.670096279273423,0,,,,,0,,145.35367904825324,162.11585620686267,-16.762177158609433,1,left_knee: 145.35 < GT 162.12 (tol 15.00) by 16.76 [111.7% over],,,,0,,109.4701691493456,151.34072092789782,-41.870551778552226,1,left_hip: 109.47 < GT 151.34 (tol 15.00) by 41.87 [279.1% over],,,,0,,84.30523870775006,77.291566930007,7.01367177774307,0,,,,,0,,-55.02020179879455,-1.25307993360531,-53.76712186518924,1,left_elbow_angular_speed: -55.02 < GT -1.25 (tol 5.00) by 53.77 [1075.3% over],,,,0,,-35.38395918060437,-0.3218597272772531,-35.06209945332712,1,left_knee_angular_speed: -35.38 < GT -0.32 (tol 5.00) by 35.06 [701.2% over],,,,0,,-50.279945414576716,1.87757993176164,-52.15752534633835,1,left_hip_angular_speed: -50.28 < GT 1.88 (tol 5.00) by 52.16 [1043.2% over],,,,0,,22.5452775366015,-0.9345652966233754,23.479842833224875,1,left_ankle_angular_speed: 22.55 > GT -0.93 (tol 5.00) by 23.48 [469.6% over],,,,0,,0.2124493846228549,-0.005753575329540819,0.21820295995239572,1,left_elbow_acceleration: 0.21 > GT -0.01 (tol 0.00) by 0.22 [37924.8% over],,,,0,,0.1843999775608776,-0.005504951320061839,0.18990492888093943,1,left_hip_acceleration: 0.18 > GT -0.01 (tol 0.00) by 0.19 [34497.1% over],0.16378190236694515,-0.006439254896908678,0.17022115726385384,1,right_hip_acceleration: 0.16 > GT -0.01 (tol 0.00) by 0.17 [26434.9% over],0.07155759719222811,-0.013469656329597273,0.08502725352182539,1,left_knee_acceleration: 0.07 > GT -0.01 (tol 0.00) by 0.09 [6312.5% over],,,,0,,0.08967854683751264,-0.020125741907102236,0.10980428874461487,1,left_ankle_acceleration: 0.09 > GT -0.02 (tol 0.00) by 0.11 [5455.9% over],,0.03031945838000113,,0,
0,1,113,0,141.72891736431575,149.70473654768742,-7.975819183371669,0,,,,,0,,144.51395755634107,162.11585620686267,-17.601898650521605,1,left_knee: 144.51 < GT 162.12 (tol 15.00) by 17.60 [117.3% over],,,,0,,108.27694058604976,151.34072092789782,-43.06378034184806,1,left_hip: 108.28 < GT 151.34 (tol 15.00) by 43.06 [287.1% over],,,,0,,84.84027646290852,77.291566930007,7.548709532901526,0,,,,,0,,-57.47750105788733,-1.25307993360531,-56.22442112428202,1,left_elbow_angular_speed: -57.48 < GT -1.25 (tol 5.00) by 56.22 [1124.5% over],,,,0,,-35.87877877131682,-0.3218597272772531,-35.55691904403957,1,left_knee_angular_speed: -35.88 < GT -0.32 (tol 5.00) by 35.56 [711.1% over],,,,0,,-50.051291688737514,1.87757993176164,-51.92887162049915,1,left_hip_angular_speed: -50.05 < GT 1.88 (tol 5.00) by 51.93 [1038.6% over],,,,0,,23.2979497264817,-0.9345652966233754,24.232515023105076,1,left_ankle_angular_speed: 23.30 > GT -0.93 (tol 5.00) by 24.23 [484.7% over],,,,0,,0.8187599878142189,-0.005753575329540819,0.8245135631437597,1,left_elbow_acceleration: 0.82 > GT -0.01 (tol 0.00) by 0.82 [143304.6% over],,,,0,,0.28306600853880637,-0.005504951320061839,0.2885709598588682,1,left_hip_acceleration: 0.28 > GT -0.01 (tol 0.00) by 0.29 [52420.3% over],0.26550617439273844,-0.006439254896908678,0.2719454292896471,1,right_hip_acceleration: 0.27 > GT -0.01 (tol 0.00) by 0.27 [42232.4% over],0.36563127984882415,-0.013469656329597273,0.37910093617842144,1,left_knee_acceleration: 0.37 > GT -0.01 (tol 0.00) by 0.38 [28144.8% over],,,,0,,0.5414794167810317,-0.020125741907102236,0.561605158688134,1,left_ankle_acceleration: 0.54 > GT -0.02 (tol 0.00) by 0.56 [27904.8% over],,0.03031945838000113,,0,
0,2,114,0,140.32354406338504,149.70473654768742,-9.381192484302375,0,,,,,0,,143.63669120294784,162.11585620686267,-18.47916500391483,1,left_knee: 143.64 < GT 162.12 (tol 15.00) by 18.48 [123.2% over],,,,0,,107.05314435758109,151.34072092789782,-44.28757657031673,1,left_hip: 107.05 < GT 151.34 (tol 15.00) by 44.29 [295.3% over],,,,0,,85.40993095221987,77.291566930007,8.118364022212873,0,,,,,0,,-62.19435014456237,-1.25307993360531,-60.94127021095706,1,left_elbow_angular_speed: -62.19 < GT -1.25 (tol 5.00) by 60.94 [1218.8% over],,,,0,,-39.105342481301136,-0.3218597272772531,-38.783482754023886,1,left_knee_angular_speed: -39.11 < GT -0.32 (tol 5.00) by 38.78 [775.7% over],,,,0,,-52.452752894879794,1.87757993176164,-54.33033282664143,1,left_hip_angular_speed: -52.45 < GT 1.88 (tol 5.00) by 54.33 [1086.6% over],,,,0,,24.296687356687837,-0.9345652966233754,25.231252653311213,1,left_ankle_angular_speed: 24.30 > GT -0.93 (tol 5.00) by 25.23 [504.6% over],,,,0,,0.17912533188038499,-0.005753575329540819,0.1848789072099258,1,left_elbow_acceleration: 0.18 > GT -0.01 (tol 0.00) by 0.18 [32132.9% over],,,,0,,0.14755659628750184,-0.005504951320061839,0.15306154760756369,1,left_hip_acceleration: 0.15 > GT -0.01 (tol 0.00) by 0.15 [27804.3% over],0.22975741952233436,-0.006439254896908678,0.23619667441924302,1,right_hip_acceleration: 0.23 > GT -0.01 (tol 0.00) by 0.24 [36680.7% over],0.2172967292854848,-0.013469656329597273,0.23076638561508206,1,left_knee_acceleration: 0.22 > GT -0.01 (tol 0.00) by 0.23 [17132.3% over],,,,0,,-0.007423786498250753,-0.020125741907102236,0.012701955408851483,1,left_ankle_acceleration: -0.01 > GT -0.02 (tol 0.00) by 0.01 [631.1% over],,0.03031945838000113,,0,
0,3,115,0,138.84756642545787,149.70473654768742,-10.857170122229547,0,,,,,0,,142.7086549602389,162.11585620686267,-19.40720124662377,1,left_knee: 142.71 < GT 162.12 (tol 15.00) by 19.41 [129.4% over],,,,0,,105.80835137975252,151.34072092789782,-45.5323695481453,1,left_hip: 105.81 < GT 151.34 (tol 15.00) by 45.53 [303.5% over],,,,0,,85.98653263920308,77.291566930007,8.694965709196083,0,,,,,0,,-64.02469681329066,-1.25307993360531,-62.771616879685354,1,left_elbow_angular_speed: -64.02 < GT -1.25 (tol 5.00) by 62.77 [1255.4% over],,,,0,,-41.915323138941716,-0.3218597272772531,-41.593463411664466,1,left_knee_angular_speed: -41.92 < GT -0.32 (tol 5.00) by 41.59 [831.9% over],,,,0,,-52.89415761030645,1.87757993176164,-54.77173754206809,1,left_hip_angular_speed: -52.89 < GT 1.88 (tol 5.00) by 54.77 [1095.4% over],,,,0,,22.904644637210822,-0.9345652966233754,23.839209933834198,1,left_ankle_angular_speed: 22.90 > GT -0.93 (tol 5.00) by 23.84 [476.8% over],,,,0,,-0.44088121059295377,-0.005753575329540819,-0.43512763526341297,1,left_elbow_acceleration: -0.44 < GT -0.01 (tol 0.00) by 0.44 [75627.3% over],,,,0,,-0.016656354598624266,-0.005504951320061839,-0.011151403278562427,1,left_hip_acceleration: -0.02 < GT -0.01 (tol 0.00) by 0.01 [2025.7% over],0.15732645076665838,-0.006439254896908678,0.16376570566356707,1,right_hip_acceleration: 0.16 > GT -0.01 (tol 0.00) by 0.16 [25432.4% over],-0.005495734925765388,-0.013469656329597273,0.007973921403831885,1,left_knee_acceleration: -0.01 > GT -0.01 (tol 0.00) by 0.01 [592.0% over],,,,0,,-0.6357065376107303,-0.020125741907102236,-0.615580795703628,1,left_ankle_acceleration: -0.64 < GT -0.02 (tol 0.00) by 0.62 [30586.7% over],,0.03031945838000113,,0,
0,4,116,0,137.3281515501222,149.70473654768742,-12.376584997565232,0,,,,,0,,141.71393310052383,162.11585620686267,-20.40192310633884,1,left_knee: 141.71 < GT 162.12 (tol 15.00) by 20.40 [136.0% over],,,,0,,104.55308311779073,151.34072092789782,-46.787637810107086,1,left_hip: 104.55 < GT 151.34 (tol 15.00) by 46.79 [311.9% over],,,,0,,86.53009878645942,77.291566930007,9.238531856452425,0,,,,,0,,-63.36898471155931,-1.25307993360531,-62.115904777954,1,left_elbow_angular_speed: -63.37 < GT -1.25 (tol 5.00) by 62.12 [1242.3% over],,,,0,,-44.22212762431836,-0.3218597272772531,-43.90026789704111,1,left_knee_angular_speed: -44.22 < GT -0.32 (tol 5.00) by 43.90 [878.0% over],,,,0,,-51.4318666051273,1.87757993176164,-53.309446536888935,1,left_hip_angular_speed: -51.43 < GT 1.88 (tol 5.00) by 53.31 [1066.2% over],,,,0,,19.036132437986765,-0.9345652966233754,19.97069773461014,1,left_ankle_angular_speed: 19.04 > GT -0.93 (tol 5.00) by 19.97 [399.4% over],,,,0,,0.3573459508553773,-0.005753575329540819,0.3630995261849181,1,left_elbow_acceleration: 0.36 > GT -0.01 (tol 0.00) by 0.36 [63108.5% over],,,,0,,0.09406874800064251,-0.005504951320061839,0.09957369932070434,1,left_hip_acceleration: 0.09 > GT -0.01 (tol 0.00) by 0.10 [18088.0% over],0.28352401916391357,-0.006439254896908678,0.28996327406082223,1,right_hip_acceleration: 0.28 > GT -0.01 (tol 0.00) by 0.29 [45030.6% over],0.23706188422804636,-0.013469656329597273,0.25053154055764365,1,left_knee_acceleration: 0.24 > GT -0.01 (tol 0.00) by 0.25 [18599.7% over],,,,0,,-0.28454517666771384,-0.020125741907102236,-0.2644194347606116,1,left_ankle_acceleration: -0.28 < GT -0.02 (tol 0.00) by 0.26 [13138.4% over],,0.03031945838000113,,0,
0,5,117,0,135.778726512819,149.70473654768742,-13.926010034868426,0,,,,,0,,140.63266484199298,162.11585620686267,-21.483191364869697,1,left_knee: 140.63 < GT 162.12 (tol 15.00) by 21.48 [143.2% over],,,,0,,103.29553067007595,151.34072092789782,-48.04519025782187,1,left_hip: 103.30 < GT 151.34 (tol 15.00) by 48.05 [320.3% over],,,,0,,86.99554825431962,77.291566930007,9.703981324312622,0,,,,,0,,-66.61368664085447,-1.25307993360531,-65.36060670724916,1,left_elbow_angular_speed: -66.61 < GT -1.25 (tol 5.00) by 65.36 [1307.2% over],,,,0,,-49.91388681372796,-0.3218597272772531,-49.59202708645071,1,left_knee_angular_speed: -49.91 < GT -0.32 (tol 5.00) by 49.59 [991.8% over],,,,0,,-52.851905634185854,1.87757993176164,-54.72948556594749,1,left_hip_angular_speed: -52.85 < GT 1.88 (tol 5.00) by 54.73 [1094.6% over],,,,0,,14.81777582173236,-0.9345652966233754,15.752341118355735,1,left_ankle_angular_speed: 14.82 > GT -0.93 (tol 5.00) by 15.75 [315.0% over],,,,0,,-0.11305636780876627,-0.005753575329540819,-0.10730279247922545,1,left_elbow_acceleration: -0.11 < GT -0.01 (tol 0.00) by 0.11 [18649.8% over],,,,0,,-0.041496141110335324,-0.005504951320061839,-0.035991189790273485,1,left_hip_acceleration: -0.04 < GT -0.01 (tol 0.00) by 0.04 [6538.0% over],0.19359169301779597,-0.006439254896908678,0.20003094791470466,1,right_hip_acceleration: 0.19 > GT -0.01 (tol 0.00) by 0.20 [31064.3% over],0.04193494522461403,-0.013469656329597273,0.0554046015542113,1,left_knee_acceleration: 0.04 > GT -0.01 (tol 0.00) by 0.06 [4113.3% over],,,,0,,-0.7135197651406359,-0.020125741907102236,-0.6933940232335336,1,left_ankle_acceleration: -0.71 < GT -0.02 (tol 0.00) by 0.69 [34453.1% over],,0.03031945838000113,,0,
0,6,118,0,134.19787050848328,149.70473654768742,-15.50686603920414,1,left_elbow: 134.20 < GT 149.70 (tol 15.00) by 15.51 [103.4% over],,,,0,,139.44812347146896,162.11585620686267,-22.667732735393713,1,left_knee: 139.45 < GT 162.12 (tol 15.00) by 22.67 [151.1% over],,,,0,,102.04126511932132,151.34072092789782,-49.2994558085765,1,left_hip: 102.04 < GT 151.34 (tol 15.00) by 49.30 [328.7% over],,,,0,,87.34719925969003,77.291566930007,10.055632329683036,0,,,,,0,,-68.10506689308062,-1.25307993360531,-66.85198695947531,1,left_elbow_angular_speed: -68.11 < GT -1.25 (tol 5.00) by 66.85 [1337.0% over],,,,0,,-54.388169192269,-0.3218597272772531,-54.06630946499175,1,left_knee_angular_speed: -54.39 < GT -0.32 (tol 5.00) by 54.07 [1081.3% over],,,,0,,-52.48680075355871,1.87757993176164,-54.36438068532035,1,left_hip_angular_speed: -52.49 < GT 1.88 (tol 5.00) by 54.36 [1087.3% over],,,,0,,9.394087538668359,-0.9345652966233754,10.328652835291734,1,left_ankle_angular_speed: 9.39 > GT -0.93 (tol 5.00) by 10.33 [206.6% over],,,,0,,-0.6025332527056418,-0.005753575329540819,-0.596779677376101,1,left_elbow_acceleration: -0.60 < GT -0.01 (tol 0.00) by 0.60 [103723.3% over],,,,0,,-0.166018551603292,-0.005504951320061839,-0.16051360028323014,1,left_hip_acceleration: -0.17 < GT -0.01 (tol 0.00) by 0.16 [29158.0% over],0.0805822793660043,-0.006439254896908678,0.08702153426291298,1,right_hip_acceleration: 0.08 > GT -0.01 (tol 0.00) by 0.09 [13514.2% over],-0.13901173120740054,-0.013469656329597273,-0.12554207487780328,1,left_knee_acceleration: -0.14 < GT -0.01 (tol 0.00) by 0.13 [9320.4% over],,,,0,,-0.9325900938541315,-0.020125741907102236,-0.9124643519470292,1,left_ankle_acceleration: -0.93 < GT -0.02 (tol 0.00) by 0.91 [45338.2% over],,0.03031945838000113,,0,
0,7,119,0,132.58162151592893,149.70473654768742,-17.123115031758488,1,left_elbow: 132.58 < GT 149.70 (tol 15.00) by 17.12 [114.2% over],,,,0,,138.15739977536154,162.11585620686267,-23.958456431501133,1,left_knee: 138.16 < GT 162.12 (tol 15.00) by 23.96 [159.7% over],,,,0,,100.79566412793666,151.34072092789782,-50.54505679996116,1,left_hip: 100.80 < GT 151.34 (tol 15.00) by 50.55 [337.0% over],,,,0,,87.57013692369932,77.291566930007,10.27856999369233,0,,,,,0,,-67.15905271943232,-1.25307993360531,-65.90597278582702,1,left_elbow_angular_speed: -67.16 < GT -1.25 (tol 5.00) by 65.91 [1318.1% over],,,,0,,-56.44617821125415,-0.3218597272772531,-56.1243184839769,1,left_knee_angular_speed: -56.45 < GT -0.32 (tol 5.00) by 56.12 [1122.5% over],,,,0,,-50.234432143949846,1.87757993176164,-52.11201207571148,1,left_hip_angular_speed: -50.23 < GT 1.88 (tol 5.00) by 52.11 [1042.2% over],,,,0,,4.083333626281263,-0.9345652966233754,5.017898922904639,1,left_ankle_angular_speed: 4.08 > GT -0.93 (tol 5.00) by 5.02 [100.4% over],,,,0,,0.13677696906132064,-0.005753575329540819,0.14253054439086146,1,left_elbow_acceleration: 0.14 > GT -0.01 (tol 0.00) by 0.14 [24772.5% over],,,,0,,-0.03104470660883254,-0.005504951320061839,-0.025539755288770703,1,left_hip_acceleration: -0.03 < GT -0.01 (tol 0.00) by 0.03 [4639.4% over],0.2418927718423403,-0.006439254896908678,0.24833202673924898,1,right_hip_acceleration: 0.24 > GT -0.01 (tol 0.00) by 0.25 [38565.3% over],0.152045291389494,-0.013469656329597273,0.16551494771909125,1,left_knee_acceleration: 0.15 > GT -0.01 (tol 0.00) by 0.17 [12288.0% over],,,,0,,-0.3456708256982334,-0.020125741907102236,-0.3255450837911311,1,left_ankle_acceleration: -0.35 < GT -0.02 (tol 0.00) by 0.33 [16175.6% over],,0.03031945838000113,,0,
0,8,120,0,130.9395261243316,149.70473654768742,-18.765210423355825,1,left_elbow: 130.94 < GT 149.70 (tol 15.00) by 18.77 [125.1% over],,,,0,,136.7772431864768,162.11585620686267,-25.33861302038588,1,left_knee: 136.78 < GT 162.12 (tol 15.00) by 25.34 [168.9% over],,,,0,,99.56738996112101,151.34072092789782,-51.77333096677681,1,left_hip: 99.57 < GT 151.34 (tol 15.00) by 51.77 [345.2% over],,,,0,,87.66997786931366,77.291566930007,10.378410939306661,0,,,,,0,,-69.14055950008229,-1.25307993360531,-67.88747956647698,1,left_elbow_angular_speed: -69.14 < GT -1.25 (tol 5.00) by 67.89 [1357.7% over],,,,0,,-60.4571773488222,-0.3218597272772531,-60.13531762154495,1,left_knee_angular_speed: -60.46 < GT -0.32 (tol 5.00) by 60.14 [1202.7% over],,,,0,,-50.4349574947223,1.87757993176164,-52.312537426483935,1,left_hip_angular_speed: -50.43 < GT 1.88 (tol 5.00) by 52.31 [1046.3% over],,,,0,,-0.21289561769186735,-0.9345652966233754,0.721669678931508,0,,,,,0,,-0.5008231733302512,-0.005753575329540819,-0.4950695980007104,1,left_elbow_acceleration: -0.50 < GT -0.01 (tol 0.00) by 0.50 [86045.6% over],,,,0,,-0.1584379225107342,-0.005504951320061839,-0.15293297119067237,1,left_hip_acceleration: -0.16 < GT -0.01 (tol 0.00) by 0.15 [27781.0% over],0.14380057398583249,-0.006439254896908678,0.15023982888274118,1,right_hip_acceleration: 0.14 > GT -0.01 (tol 0.00) by 0.15 [23331.9% over],-0.09427193141899329,-0.013469656329597273,-0.08080227508939601,1,left_knee_acceleration: -0.09 < GT -0.01 (tol 0.00) by 0.08 [5998.8% over],,,,0,,-0.5320714510013516,-0.020125741907102236,-0.5119457090942493,1,left_ankle_acceleration: -0.53 < GT -0.02 (tol 0.00) by 0.51 [25437.4% over],,0.03031945838000113,,0,
0,9,121,0,129.29870313223194,149.70473654768742,-20.406033415455482,1,left_elbow: 129.30 < GT 149.70 (tol 15.00) by 20.41 [136.0% over],,,,0,,135.3424916115886,162.11585620686267,-26.773364595274074,1,left_knee: 135.34 < GT 162.12 (tol 15.00) by 26.77 [178.5% over],,,,0,,98.37048269769612,151.34072092789782,-52.9702382302017,1,left_hip: 98.37 < GT 151.34 (tol 15.00) by 52.97 [353.1% over],,,,0,,87.66492549445653,77.291566930007,10.373358564449532,0,,,,,0,,-67.66642398700604,-1.25307993360531,-66.41334405340073,1,left_elbow_angular_speed: -67.67 < GT -1.25 (tol 5.00) by 66.41 [1328.3% over],,,,0,,-60.81967489209565,-0.3218597272772531,-60.4978151648184,1,left_knee_angular_speed: -60.82 < GT -0.32 (tol 5.00) by 60.50 [1210.0% over],,,,0,,-48.35886499740575,1.87757993176164,-50.23644492916739,1,left_hip_angular_speed: -48.36 < GT 1.88 (tol 5.00) by 50.24 [1004.7% over],,,,0,,-3.5821859570697963,-0.9345652966233754,-2.647620660446421,0,,,,,0,,-1.103015879619433,-0.005753575329540819,-1.0972623042898921,1,left_elbow_acceleration: -1.10 < GT -0.01 (tol 0.00) by 1.10 [190709.6% over],,,,0,,-0.2629599693719088,-0.005504951320061839,-0.25745501805184695,1,left_hip_acceleration: -0.26 < GT -0.01 (tol 0.00) by 0.26 [46767.9% over],0.02333957693907973,-0.006439254896908678,0.02977883183598841,1,right_hip_acceleration: 0.02 > GT -0.01 (tol 0.00) by 0.03 [4624.6% over],-0.36614432729751284,-0.013469656329597273,-0.35267467096791555,1,left_knee_acceleration: -0.37 < GT -0.01 (tol 0.00) by 0.35 [26182.9% over],,,,0,,-0.6831187161216581,-0.020125741907102236,-0.6629929742145558,1,left_ankle_acceleration: -0.68 < GT -0.02 (tol 0.00) by 0.66 [32942.5% over],,0.03031945838000113,,0,
0,10,122,0,127.69286388138076,149.70473654768742,-22.011872666306658,1,left_elbow: 127.69 < GT 149.70 (tol 15.00) by 22.01 [146.7% over],,,,0,,133.89913735387742,162.11585620686267,-28.216718852985252,1,left_knee: 133.90 < GT 162.12 (tol 15.00) by 28.22 [188.1% over],,,,0,,97.2228446378755,151.34072092789782,-54.11787629002232,1,left_hip: 97.22 < GT 151.34 (tol 15.00) by 54.12 [360.8% over],,,,0,,87.57991413321162,77.291566930007,10.288347203204623,0,,,,,0,,-63.144077723062274,-1.25307993360531,-61.89099778945696,1,left_elbow_angular_speed: -63.14 < GT -1.25 (tol 5.00) by 61.89 [1237.8% over],,,,0,,-57.453195187443036,-0.3218597272772531,-57.131335460165786,1,left_knee_angular_speed: -57.45 < GT -0.32 (tol 5.00) by 57.13 [1142.6% over],,,,0,,-44.22135819467762,1.87757993176164,-46.09893812643926,1,left_hip_angular_speed: -44.22 < GT 1.88 (tol 5.00) by 46.10 [922.0% over],,,,0,,-5.524331910131633,-0.9345652966233754,-4.5897666135082575,0,,,,,0,,-0.4548452085447167,-0.005753575329540819,-0.4490916332151759,1,left_elbow_acceleration: -0.45 < GT -0.01 (tol 0.00) by 0.45 [78054.4% over],,,,0,,-0.12618071567379935,-0.005504951320061839,-0.1206757643537375,1,left_hip_acceleration: -0.13 < GT -0.01 (tol 0.00) by 0.12 [21921.3% over],0.20689204915415504,-0.006439254896908678,0.2133313040510637,1,right_hip_acceleration: 0.21 > GT -0.01 (tol 0.00) by 0.21 [33129.8% over],-0.14658972335005033,-0.013469656329597273,-0.13312006702045306,1,left_knee_acceleration: -0.15 < GT -0.01 (tol 0.00) by 0.13 [9883.0% over],,,,0,,-0.23543136585692143,-0.020125741907102236,-0.2153056239498192,1,left_ankle_acceleration: -0.24 < GT -0.02 (tol 0.00) by 0.22 [10698.0% over],,0.03031945838000113,,0,
0,11,123,0,126.14893800933369,149.70473654768742,-23.555798538353727,1,left_elbow: 126.15 < GT 149.70 (tol 15.00) by 23.56 [157.0% over],,,,0,,132.49435835194632,162.11585620686267,-29.621497854916356,1,left_knee: 132.49 < GT 162.12 (tol 15.00) by 29.62 [197.5% over],,,,0,,96.14159519254727,151.34072092789782,-55.19912573535055,1,left_hip: 96.14 < GT 151.34 (tol 15.00) by 55.20 [368.0% over],,,,0,,87.44483956613607,77.291566930007,10.153272636129074,0,,,,,0,,-61.80432001961831,-1.25307993360531,-60.551240086012996,1,left_elbow_angular_speed: -61.80 < GT -1.25 (tol 5.00) by 60.55 [1211.0% over],,,,0,,-55.93203717181977,-0.3218597272772531,-55.61017744454252,1,left_knee_angular_speed: -55.93 < GT -0.32 (tol 5.00) by 55.61 [1112.2% over],,,,0,,-42.253741413091774,1.87757993176164,-44.13132134485341,1,left_hip_angular_speed: -42.25 < GT 1.88 (tol 5.00) by 44.13 [882.6% over],,,,0,,-6.489690563615643,-0.9345652966233754,-5.555125266992267,1,left_ankle_angular_speed: -6.49 < GT -0.93 (tol 5.00) by 5.56 [111.1% over],,,,0,,-0.9527828134270584,-0.005753575329540819,-0.9470292380975176,1,left_elbow_acceleration: -0.95 < GT -0.01 (tol 0.00) by 0.95 [164598.4% over],,,,0,,-0.1930753687784618,-0.005504951320061839,-0.18757041745839995,1,left_hip_acceleration: -0.19 < GT -0.01 (tol 0.00) by 0.19 [34073.0% over],0.0870879825594506,-0.006439254896908678,0.09352723745635928,1,right_hip_acceleration: 0.09 > GT -0.01 (tol 0.00) by 0.09 [14524.5% over],-0.35403967928877944,-0.013469656329597273,-0.34057002295918215,1,left_knee_acceleration: -0.35 < GT -0.01 (tol 0.00) by 0.34 [25284.2% over],,,,0,,-0.41023120825612686,-0.020125741907102236,-0.3901054663490246,1,left_ankle_acceleration: -0.41 < GT -0.02 (tol 0.00) by 0.39 [19383.4% over],,0.03031945838000113,,0,
0,12,124,0,124.68221644918846,149.70473654768742,-25.02252009849896,1,left_elbow: 124.68 < GT 149.70 (tol 15.00) by 25.02 [166.8% over],,,,0,,131.16699604463977,162.11585620686267,-30.9488601622229,1,left_knee: 131.17 < GT 162.12 (tol 15.00) by 30.95 [206.3% over],,,,0,,95.13884209199199,151.34072092789782,-56.20187883590583,1,left_hip: 95.14 < GT 151.34 (tol 15.00) by 56.20 [374.7% over],,,,0,,87.29082817882035,77.291566930007,9.999261248813355,0,,,,,0,,-58.251458259714965,-1.25307993360531,-56.99837832610966,1,left_elbow_angular_speed: -58.25 < GT -1.25 (tol 5.00) by 57.00 [1140.0% over],,,,0,,-51.59826098019048,-0.3218597272772531,-51.27640125291323,1,left_knee_angular_speed: -51.60 < GT -0.32 (tol 5.00) by 51.28 [1025.5% over],,,,0,,-38.6765040632257,1.87757993176164,-40.55408399498734,1,left_hip_angular_speed: -38.68 < GT 1.88 (tol 5.00) by 40.55 [811.1% over],,,,0,,-6.289774585158691,-0.9345652966233754,-5.355209288535315,1,left_ankle_angular_speed: -6.29 < GT -0.93 (tol 5.00) by 5.36 [107.1% over],,,,0,,-1.3366848264058728,-0.005753575329540819,-1.330931251076332,1,left_elbow_acceleration: -1.34 < GT -0.01 (tol 0.00) by 1.33 [231322.5% over],,,,0,,-0.22834863297046468,-0.005504951320061839,-0.22284368165040283,1,left_hip_acceleration: -0.23 < GT -0.01 (tol 0.00) by 0.22 [40480.6% over],-0.04860314689020187,-0.006439254896908678,-0.04216389199329319,1,right_hip_acceleration: -0.05 < GT -0.01 (tol 0.00) by 0.04 [6547.9% over],-0.4804625423933676,-0.013469656329597273,-0.4669928860637703,1,left_knee_acceleration: -0.48 < GT -0.01 (tol 0.00) by 0.47 [34670.0% over],,,,0,,-0.595705081005832,-0.020125741907102236,-0.5755793390987297,1,left_ankle_acceleration: -0.60 < GT -0.02 (tol 0.00) by 0.58 [28599.2% over],,0.03031945838000113,,0,
0,13,125,0,123.29981033724833,149.70473654768742,-26.404926210439086,1,left_elbow: 123.30 < GT 149.70 (tol 15.00) by 26.40 [176.0% over],,,,0,,129.94248161228904,162.11585620686267,-32.17337459457363,1,left_knee: 129.94 < GT 162.12 (tol 15.00) by 32.17 [214.5% over],,,,0,,94.22098291382174,151.34072092789782,-57.11973801407608,1,left_hip: 94.22 < GT 151.34 (tol 15.00) by 57.12 [380.8% over],,,,0,,87.14156113746179,77.291566930007,9.849994207454799,0,,,,,0,,-52.851819170794826,-1.25307993360531,-51.59873923718952,1,left_elbow_angular_speed: -52.85 < GT -1.25 (tol 5.00) by 51.60 [1032.0% over],,,,0,,-45.37576016489051,-0.3218597272772531,-45.05390043761326,1,left_knee_angular_speed: -45.38 < GT -0.32 (tol 5.00) by 45.05 [901.1% over],,,,0,,-33.94231831089541,1.87757993176164,-35.81989824265705,1,left_hip_angular_speed: -33.94 < GT 1.88 (tol 5.00) by 35.82 [716.4% over],,,,0,,-5.617005297808852,-0.9345652966233754,-4.682440001185476,0,,,,,0,,-0.7918693073732022,-0.005753575329540819,-0.7861157320436614,1,left_elbow_acceleration: -0.79 < GT -0.01 (tol 0.00) by 0.79 [136630.8% over],,,,0,,-0.09349799815308243,-0.005504951320061839,-0.08799304683302059,1,left_hip_acceleration: -0.09 < GT -0.01 (tol 0.00) by 0.09 [15984.3% over],0.14122359814758095,-0.006439254896908678,0.14766285304448962,1,right_hip_acceleration: 0.14 > GT -0.01 (tol 0.00) by 0.15 [22931.7% over],-0.20472234017931948,-0.013469656329597273,-0.19125268384972222,1,left_knee_acceleration: -0.20 < GT -0.01 (tol 0.00) by 0.19 [14198.8% over],,,,0,,-0.3763124715822251,-0.020125741907102236,-0.3561867296751228,1,left_ankle_acceleration: -0.38 < GT -0.02 (tol 0.00) by 0.36 [17698.1% over],,0.03031945838000113,,0,
0,14,126,0,122.00753885360386,149.70473654768742,-27.697197694083556,1,left_elbow: 122.01 < GT 149.70 (tol 15.00) by 27.70 [184.6% over],,,,0,,128.83300606670213,162.11585620686267,-33.28285014016055,1,left_knee: 128.83 < GT 162.12 (tol 15.00) by 33.28 [221.9% over],,,,0,,93.39106464932061,151.34072092789782,-57.94965627857721,1,left_hip: 93.39 < GT 151.34 (tol 15.00) by 57.95 [386.3% over],,,,0,,87.00422062802008,77.291566930007,9.712653698013085,0,,,,,0,,-50.23901215387092,-1.25307993360531,-48.98593222026561,1,left_elbow_angular_speed: -50.24 < GT -1.25 (tol 5.00) by 48.99 [979.7% over],,,,0,,-41.80964509397354,-0.3218597272772531,-41.48778536669629,1,left_knee_angular_speed: -41.81 < GT -0.32 (tol 5.00) by 41.49 [829.8% over],,,,0,,-31.178237273312284,1.87757993176164,-33.05581720507392,1,left_hip_angular_speed: -31.18 < GT 1.88 (tol 5.00) by 33.06 [661.1% over],,,,0,,-5.745818783654426,-0.9345652966233754,-4.81125348703105,0,,,,,0,,-1.2465464599933556,-0.005753575329540819,-1.2407928846638148,1,left_elbow_acceleration: -1.25 < GT -0.01 (tol 0.00) by 1.24 [215656.0% over],,,,0,,-0.13595978864817643,-0.005504951320061839,-0.13045483732811458,1,left_hip_acceleration: -0.14 < GT -0.01 (tol 0.00) by 0.13 [23697.7% over],-0.01350674617534387,-0.006439254896908678,-0.007067491278435192,1,right_hip_acceleration: -0.01 < GT -0.01 (tol 0.00) by 0.01 [1097.6% over],-0.3308680167538327,-0.013469656329597273,-0.3173983604242354,1,left_knee_acceleration: -0.33 < GT -0.01 (tol 0.00) by 0.32 [23564.0% over],,,,0,,-0.7198713854715503,-0.020125741907102236,-0.699745643564448,1,left_ankle_acceleration: -0.72 < GT -0.02 (tol 0.00) by 0.70 [34768.7% over],,0.03031945838000113,,0,
0,15,127,0,120.81528170615704,149.70473654768742,-28.88945484153038,1,left_elbow: 120.82 < GT 149.70 (tol 15.00) by 28.89 [192.6% over],,,,0,,127.84079212661047,162.11585620686267,-34.27506408025221,1,left_knee: 127.84 < GT 162.12 (tol 15.00) by 34.28 [228.5% over],,,,0,,92.6511520865487,151.34072092789782,-58.689568841349114,1,left_hip: 92.65 < GT 151.34 (tol 15.00) by 58.69 [391.3% over],,,,0,,86.86786258236893,77.291566930007,9.576295652361935,0,,,,,0,,-45.42705988614923,-1.25307993360531,-44.17397995254392,1,left_elbow_angular_speed: -45.43 < GT -1.25 (tol 5.00) by 44.17 [883.5% over],,,,0,,-37.01086174688139,-0.3218597272772531,-36.68900201960414,1,left_knee_angular_speed: -37.01 < GT -0.32 (tol 5.00) by 36.69 [733.8% over],,,,0,,-27.316461367205918,1.87757993176164,-29.19404129896756,1,left_hip_angular_speed: -27.32 < GT 1.88 (tol 5.00) by 29.19 [583.9% over],,,,0,,-6.5306459232484695,-0.9345652966233754,-5.596080626625094,1,left_ankle_angular_speed: -6.53 < GT -0.93 (tol 5.00) by 5.60 [111.9% over],,,,0,,-1.5574852560086414,-0.005753575329540819,-1.5517316806791006,1,left_elbow_acceleration: -1.56 < GT -0.01 (tol 0.00) by 1.55 [269698.7% over],,,,0,,-0.16933452671727584,-0.005504951320061839,-0.163829575397214,1,left_hip_acceleration: -0.17 < GT -0.01 (tol 0.00) by 0.16 [29760.4% over],-0.19347198494600334,-0.006439254896908678,-0.18703273004909465,1,right_hip_acceleration: -0.19 < GT -0.01 (tol 0.00) by 0.19 [29045.7% over],-0.4321930148501221,-0.013469656329597273,-0.41872335852052484,1,left_knee_acceleration: -0.43 < GT -0.01 (tol 0.00) by 0.42 [31086.4% over],,,,0,,-0.9430758295806284,-0.020125741907102236,-0.9229500876735262,1,left_ankle_acceleration: -0.94 < GT -0.02 (tol 0.00) by 0.92 [45859.2% over],,0.03031945838000113,,0,
0,16,128,0,119.73722036468651,149.70473654768742,-29.96751618300091,1,left_elbow: 119.74 < GT 149.70 (tol 15.00) by 29.97 [199.8% over],,,,0,,126.96246147162593,162.11585620686267,-35.153394735236745,1,left_knee: 126.96 < GT 162.12 (tol 15.00) by 35.15 [234.4% over],,,,0,,92.00288602971906,151.34072092789782,-59.337834898178755,1,left_hip: 92.00 < GT 151.34 (tol 15.00) by 59.34 [395.6% over],,,,0,,86.7128792547591,77.291566930007,9.421312324752108,0,,,,,0,,-38.81928753335031,-1.25307993360531,-37.566207599745,1,left_elbow_angular_speed: -38.82 < GT -1.25 (tol 5.00) by 37.57 [751.3% over],,,,0,,-31.48703217071169,-0.3218597272772531,-31.165172443434436,1,left_knee_angular_speed: -31.49 < GT -0.32 (tol 5.00) by 31.17 [623.3% over],,,,0,,-22.726089314862378,1.87757993176164,-24.60366924662402,1,left_hip_angular_speed: -22.73 < GT 1.88 (tol 5.00) by 24.60 [492.1% over],,,,0,,-7.640817826028321,-0.9345652966233754,-6.706252529404945,1,left_ankle_angular_speed: -7.64 < GT -0.93 (tol 5.00) by 6.71 [134.1% over],,,,0,,-1.2030268127934747,-0.005753575329540819,-1.1972732374639339,1,left_elbow_acceleration: -1.20 < GT -0.01 (tol 0.00) by 1.20 [208092.0% over],,,,0,,-0.08082903742807333,-0.005504951320061839,-0.0753240861080115,1,left_hip_acceleration: -0.08 < GT -0.01 (tol 0.00) by 0.08 [13683.0% over],-0.05557383236877249,-0.006439254896908678,-0.04913457747186381,1,right_hip_acceleration: -0.06 < GT -0.01 (tol 0.00) by 0.05 [7630.5% over],-0.22855044790759627,-0.013469656329597273,-0.215080791577999,1,left_knee_acceleration: -0.23 < GT -0.01 (tol 0.00) by 0.22 [15967.8% over],,,,0,,-0.6924940206174159,-0.020125741907102236,-0.6723682787103137,1,left_ankle_acceleration: -0.69 < GT -0.02 (tol 0.00) by 0.67 [33408.4% over],,0.03031945838000113,,0,
0,17,129,0,118.78805609594806,149.70473654768742,-30.916680451739353,1,left_elbow: 118.79 < GT 149.70 (tol 15.00) by 30.92 [206.1% over],,,,0,,126.1925770207745,162.11585620686267,-35.92327918608818,1,left_knee: 126.19 < GT 162.12 (tol 15.00) by 35.92 [239.5% over],,,,0,,91.44721400901817,151.34072092789782,-59.89350691887965,1,left_hip: 91.45 < GT 151.34 (tol 15.00) by 59.89 [399.3% over],,,,0,,86.5260548248111,77.291566930007,9.234487894804104,0,,,,,0,,-34.00473113388313,-1.25307993360531,-32.75165120027782,1,left_elbow_angular_speed: -34.00 < GT -1.25 (tol 5.00) by 32.75 [655.0% over],,,,0,,-28.16094126713791,-0.3218597272772531,-27.839081539860658,1,left_knee_angular_speed: -28.16 < GT -0.32 (tol 5.00) by 27.84 [556.8% over],,,,0,,-19.492797820170445,1.87757993176164,-21.370377751932086,1,left_hip_angular_speed: -19.49 < GT 1.88 (tol 5.00) by 21.37 [427.4% over],,,,0,,-9.131566254851466,-0.9345652966233754,-8.19700095822809,1,left_ankle_angular_speed: -9.13 < GT -0.93 (tol 5.00) by 8.20 [163.9% over],,,,0,,-1.5081951427264595,-0.005753575329540819,-1.5024415673969187,1,left_elbow_acceleration: -1.51 < GT -0.01 (tol 0.00) by 1.50 [261131.8% over],,,,0,,-0.1470503641364814,-0.005504951320061839,-0.14154541281641955,1,left_hip_acceleration: -0.15 < GT -0.01 (tol 0.00) by 0.14 [25712.4% over],-0.24630757772068493,-0.006439254896908678,-0.23986832282377624,1,right_hip_acceleration: -0.25 < GT -0.01 (tol 0.00) by 0.24 [37250.9% over],-0.3099791505578321,-0.013469656329597273,-0.2965094942282348,1,left_knee_acceleration: -0.31 < GT -0.01 (tol 0.00) by 0.30 [22013.1% over],,,,0,,-0.6153496009462885,-0.020125741907102236,-0.5952238590391863,1,left_ankle_acceleration: -0.62 < GT -0.02 (tol 0.00) by 0.60 [29575.3% over],,0.03031945838000113,,0,
0,18,130,0,117.98106602979773,149.70473654768742,-31.723670517889687,1,left_elbow: 117.98 < GT 149.70 (tol 15.00) by 31.72 [211.5% over],,,,0,,125.52427002059419,162.11585620686267,-36.591586186268486,1,left_knee: 125.52 < GT 162.12 (tol 15.00) by 36.59 [243.9% over],,,,0,,90.9846167856959,151.34072092789782,-60.356104142201914,1,left_hip: 90.98 < GT 151.34 (tol 15.00) by 60.36 [402.4% over],,,,0,,86.30934723706264,77.291566930007,9.017780307055645,0,,,,,0,,-27.387694245415425,-1.25307993360531,-26.134614311810115,1,left_elbow_angular_speed: -27.39 < GT -1.25 (tol 5.00) by 26.13 [522.7% over],,,,0,,-24.287710037424098,-0.3218597272772531,-23.965850310146845,1,left_knee_angular_speed: -24.29 < GT -0.32 (tol 5.00) by 23.97 [479.3% over],,,,0,,-15.564438410321593,1.87757993176164,-17.442018342083234,1,left_hip_angular_speed: -15.56 < GT 1.88 (tol 5.00) by 17.44 [348.8% over],,,,0,,-9.870687880812573,-0.9345652966233754,-8.936122584189198,1,left_ankle_angular_speed: -9.87 < GT -0.93 (tol 5.00) by 8.94 [178.7% over],,,,0,,-1.653169970277675,-0.005753575329540819,-1.6474163949481342,1,left_elbow_acceleration: -1.65 < GT -0.01 (tol 0.00) by 1.65 [286329.2% over],,,,0,,-0.21544846736409556,-0.005504951320061839,-0.20994351604403372,1,left_hip_acceleration: -0.22 < GT -0.01 (tol 0.00) by 0.21 [38137.2% over],-0.39200158649578165,-0.006439254896908678,-0.385562331598873,1,right_hip_acceleration: -0.39 < GT -0.01 (tol 0.00) by 0.39 [59876.9% over],-0.3433647150058316,-0.013469656329597273,-0.3298950586762343,1,left_knee_acceleration: -0.34 < GT -0.01 (tol 0.00) by 0.33 [24491.7% over],,,,0,,-0.41922078206047464,-0.020125741907102236,-0.3990950401533724,1,left_ankle_acceleration: -0.42 < GT -0.02 (tol 0.00) by 0.40 [19830.1% over],,0.03031945838000113,,0,
0,19,131,0,117.3311094956968,149.70473654768742,-32.373627051990624,1,left_elbow: 117.33 < GT 149.70 (tol 15.00) by 32.37 [215.8% over],,,,0,,124.94788138065546,162.11585620686267,-37.167974826207214,1,left_knee: 124.95 < GT 162.12 (tol 15.00) by 37.17 [247.8% over],,,,0,,90.61524620802876,151.34072092789782,-60.725474719869055,1,left_hip: 90.62 < GT 151.34 (tol 15.00) by 60.73 [404.8% over],,,,0,,86.07509903687766,77.291566930007,8.783532106870666,0,,,,,0,,-19.352959788523687,-1.25307993360531,-18.099879854918377,1,left_elbow_angular_speed: -19.35 < GT -1.25 (tol 5.00) by 18.10 [362.0% over],,,,0,,-20.295931674729587,-0.3218597272772531,-19.974071947452334,1,left_knee_angular_speed: -20.30 < GT -0.32 (tol 5.00) by 19.97 [399.5% over],,,,0,,-11.324306360254461,1.87757993176164,-13.2018862920161,1,left_hip_angular_speed: -11.32 < GT 1.88 (tol 5.00) by 13.20 [264.0% over],,,,0,,-9.923860040832086,-0.9345652966233754,-8.98929474420871,1,left_ankle_angular_speed: -9.92 < GT -0.93 (tol 5.00) by 8.99 [179.8% over],,,,0,,-1.5436630880348627,-0.005753575329540819,-1.537909512705322,1,left_elbow_acceleration: -1.54 < GT -0.01 (tol 0.00) by 1.54 [267296.3% over],,,,0,,-0.18713501519923675,-0.005504951320061839,-0.1816300638791749,1,left_hip_acceleration: -0.19 < GT -0.01 (tol 0.00) by 0.18 [32993.9% over],-0.24015363715518587,-0.006439254896908678,-0.23371438225827718,1,right_hip_acceleration: -0.24 < GT -0.01 (tol 0.00) by 0.23 [36295.3% over],-0.16481281934673792,-0.013469656329597273,-0.15134316301714065,1,left_knee_acceleration: -0.16 < GT -0.01 (tol 0.00) by 0.15 [11235.9% over],,,,0,,-0.11403912058605555,-0.020125741907102236,-0.0939133786789533,1,left_ankle_acceleration: -0.11 < GT -0.02 (tol 0.00) by 0.09 [4666.3% over],,0.03031945838000113,,0,
0,20,132,0,116.85791333232524,149.70473654768742,-32.84682321536218,1,left_elbow: 116.86 < GT 149.70 (tol 15.00) by 32.85 [219.0% over],,,,0,,124.45162876061806,162.11585620686267,-37.66422744624461,1,left_knee: 124.45 < GT 162.12 (tol 15.00) by 37.66 [251.1% over],,,,0,,90.33835738166464,151.34072092789782,-61.002363546233184,1,left_hip: 90.34 < GT 151.34 (tol 15.00) by 61.00 [406.7% over],,,,0,,85.8324523022969,77.291566930007,8.540885372289907,0,,,,,0,,-11.547374133267365,-1.25307993360531,-10.294294199662055,1,left_elbow_angular_speed: -11.55 < GT -1.25 (tol 5.00) by 10.29 [205.9% over],,,,0,,-17.927163992003063,-0.3218597272772531,-17.60530426472581,1,left_knee_angular_speed: -17.93 < GT -0.32 (tol 5.00) by 17.61 [352.1% over],,,,0,,-7.82684474472872,1.87757993176164,-9.70442467649036,1,left_hip_angular_speed: -7.83 < GT 1.88 (tol 5.00) by 9.70 [194.1% over],,,,0,,-10.748080852543945,-0.9345652966233754,-9.813515555920569,1,left_ankle_angular_speed: -10.75 < GT -0.93 (tol 5.00) by 9.81 [196.3% over],,,,0,,0.5720329839908354,-0.005753575329540819,0.5777865593203761,1,left_elbow_acceleration: 0.57 > GT -0.01 (tol 0.00) by 0.58 [100422.2% over],,,,0,,-0.22302440950376345,-0.005504951320061839,-0.2175194581837016,1,left_hip_acceleration: -0.22 < GT -0.01 (tol 0.00) by 0.22 [39513.4% over],-0.35809733456546405,-0.006439254896908678,-0.3516580796685554,1,right_hip_acceleration: -0.36 < GT -0.01 (tol 0.00) by 0.35 [54611.6% over],-0.22712229700705505,-0.013469656329597273,-0.2136526406774578,1,left_knee_acceleration: -0.23 < GT -0.01 (tol 0.00) by 0.21 [15861.8% over],,,,0,,0.14515986368209655,-0.020125741907102236,0.16528560558919878,1,left_ankle_acceleration: 0.15 > GT -0.02 (tol 0.00) by 0.17 [8212.6% over],,0.03031945838000113,,0,
0,21,133,0,116.58387451757976,149.70473654768742,-33.12086203010766,1,left_elbow: 116.58 < GT 149.70 (tol 15.00) by 33.12 [220.8% over],,,,0,,124.02618668907705,162.11585620686267,-38.08966951778562,1,left_knee: 124.03 < GT 162.12 (tol 15.00) by 38.09 [253.9% over],,,,0,,90.15261305292906,151.34072092789782,-61.188107874968765,1,left_hip: 90.15 < GT 151.34 (tol 15.00) by 61.19 [407.9% over],,,,0,,85.57738207562656,77.291566930007,8.285815145619566,0,,,,,0,,-2.3370203107033247,-1.25307993360531,-1.0839403770980147,0,,,,,0,,-15.034356973414193,-0.3218597272772531,-14.71249724613694,1,left_knee_angular_speed: -15.03 < GT -0.32 (tol 5.00) by 14.71 [294.2% over],,,,0,,-3.9706331623247944,1.87757993176164,-5.848213094086434,1,left_hip_angular_speed: -3.97 < GT 1.88 (tol 5.00) by 5.85 [117.0% over],,,,0,,-11.930484690774172,-0.9345652966233754,-10.995919394150796,1,left_ankle_angular_speed: -11.93 < GT -0.93 (tol 5.00) by 11.00 [219.9% over],,,,0,,1.6976783266937499,-0.005753575329540819,1.7034319020232906,1,left_elbow_acceleration: 1.70 > GT -0.01 (tol 0.00) by 1.70 [296064.9% over],,,,0,,-0.13333860844923626,-0.005504951320061839,-0.1278336571291744,1,left_hip_acceleration: -0.13 < GT -0.01 (tol 0.00) by 0.13 [23221.6% over],-0.4301541757460184,-0.006439254896908678,-0.4237149208491097,1,right_hip_acceleration: -0.43 < GT -0.01 (tol 0.00) by 0.42 [65801.9% over],-0.2903978078391879,-0.013469656329597273,-0.2769281515095906,1,left_knee_acceleration: -0.29 < GT -0.01 (tol 0.00) by 0.28 [20559.4% over],,,,0,,0.5821959514156749,-0.020125741907102236,0.6023216933227772,1,left_ankle_acceleration: 0.58 > GT -0.02 (tol 0.00) by 0.60 [29927.9% over],,0.03031945838000113,,0,
0,22,134,0,116.52841305347631,149.70473654768742,-33.176323494211104,1,left_elbow: 116.53 < GT 149.70 (tol 15.00) by 33.18 [221.2% over],,,,0,,123.66939584486379,162.11585620686267,-38.44646036199889,1,left_knee: 123.67 < GT 162.12 (tol 15.00) by 38.45 [256.3% over],,,,0,,90.05838317927684,151.34072092789782,-61.282337748620975,1,left_hip: 90.06 < GT 151.34 (tol 15.00) by 61.28 [408.5% over],,,,0,,85.2942513961953,77.291566930007,8.002684466188313,0,,,,,0,,7.223939312757492,-1.25307993360531,8.4770192463628,1,left_elbow_angular_speed: 7.22 > GT -1.25 (tol 5.00) by 8.48 [169.5% over],,,,0,,-11.59317518880518,-0.3218597272772531,-11.271315461527927,1,left_knee_angular_speed: -11.59 < GT -0.32 (tol 5.00) by 11.27 [225.4% over],,,,0,,0.053027624444873335,1.87757993176164,-1.8245523073167667,0,,,,,0,,-13.424650588804024,-0.9345652966233754,-12.490085292180648,1,left_ankle_angular_speed: -13.42 < GT -0.93 (tol 5.00) by 12.49 [249.8% over],,,,0,,1.8499887299143523,-0.005753575329540819,1.855742305243893,1,left_elbow_acceleration: 1.85 > GT -0.01 (tol 0.00) by 1.86 [322537.2% over],,,,0,,0.120529338825625,-0.005504951320061839,0.12603429014568684,1,left_hip_acceleration: 0.12 > GT -0.01 (tol 0.00) by 0.13 [22894.7% over],-0.30527552186545814,-0.006439254896908678,-0.2988362669685495,1,right_hip_acceleration: -0.31 < GT -0.01 (tol 0.00) by 0.30 [46408.5% over],-0.21044612904749832,-0.013469656329597273,-0.19697647271790106,1,left_knee_acceleration: -0.21 < GT -0.01 (tol 0.00) by 0.20 [14623.7% over],,,,0,,1.1455026098356502,-0.020125741907102236,1.1656283517427524,1,left_ankle_acceleration: 1.15 > GT -0.02 (tol 0.00) by 1.17 [57917.3% over],,0.03031945838000113,,0,
0,23,135,0,116.70504445273406,149.70473654768742,-32.99969209495336,1,left_elbow: 116.71 < GT 149.70 (tol 15.00) by 33.00 [220.0% over],,,,0,,123.38593294923528,162.11585620686267,-38.72992325762739,1,left_knee: 123.39 < GT 162.12 (tol 15.00) by 38.73 [258.2% over],,,,0,,90.05967974934748,151.34072092789782,-61.28104117855034,1,left_hip: 90.06 < GT 151.34 (tol 15.00) by 61.28 [408.5% over],,,,0,,84.96600738480679,77.291566930007,7.674440454799793,0,,,,,0,,17.552644110958685,-1.25307993360531,18.805724044563995,1,left_elbow_angular_speed: 17.55 > GT -1.25 (tol 5.00) by 18.81 [376.1% over],,,,0,,-8.57941305790092,-0.3218597272772531,-8.257553330623667,1,left_knee_angular_speed: -8.58 < GT -0.32 (tol 5.00) by 8.26 [165.2% over],,,,0,,4.341637689124757,1.87757993176164,2.4640577573631166,0,,,,,0,,-16.057347716318713,-0.9345652966233754,-15.122782419695337,1,left_ankle_angular_speed: -16.06 < GT -0.93 (tol 5.00) by 15.12 [302.5% over],,,,0,,1.7913327268515986,-0.005753575329540819,1.7970863021811394,1,left_elbow_acceleration: 1.79 > GT -0.01 (tol 0.00) by 1.80 [312342.5% over],,,,0,,0.27215475805863437,-0.005504951320061839,0.2776597093786962,1,left_hip_acceleration: 0.27 > GT -0.01 (tol 0.00) by 0.28 [50438.2% over],-0.3407292811726774,-0.006439254896908678,-0.33429002627576876,1,right_hip_acceleration: -0.34 < GT -0.01 (tol 0.00) by 0.33 [51914.4% over],-0.2607712693461058,-0.013469656329597273,-0.24730161301650852,1,left_knee_acceleration: -0.26 < GT -0.01 (tol 0.00) by 0.25 [18359.9% over],,,,0,,1.3323190581651148,-0.020125741907102236,1.352444800072217,1,left_ankle_acceleration: 1.33 > GT -0.02 (tol 0.00) by 1.35 [67199.7% over],,0.03031945838000113,,0,
0,24,136,0,117.12159853094295,149.70473654768742,-32.58313801674447,1,left_elbow: 117.12 < GT 149.70 (tol 15.00) by 32.58 [217.2% over],,,,0,,123.18232889532092,162.11585620686267,-38.93352731154175,1,left_knee: 123.18 < GT 162.12 (tol 15.00) by 38.93 [259.6% over],,,,0,,90.1627141910007,151.34072092789782,-61.17800673689712,1,left_hip: 90.16 < GT 151.34 (tol 15.00) by 61.18 [407.9% over],,,,0,,84.5849392315321,77.291566930007,7.29337230152511,0,,,,,0,,27.673602189316107,-1.25307993360531,28.926682122921417,1,left_elbow_angular_speed: 27.67 > GT -1.25 (tol 5.00) by 28.93 [578.5% over],,,,0,,-5.054968091134657,-0.3218597272772531,-4.733108363857403,0,,,,,0,,8.799136654633255,1.87757993176164,6.921556722871615,1,left_hip_angular_speed: 8.80 > GT 1.88 (tol 5.00) by 6.92 [138.4% over],,,,0,,-17.971185085537382,-0.9345652966233754,-17.036619788914006,1,left_ankle_angular_speed: -17.97 < GT -0.93 (tol 5.00) by 17.04 [340.7% over],,,,0,,1.3984438098828615,-0.005753575329540819,1.4041973852124023,1,left_elbow_acceleration: 1.40 > GT -0.01 (tol 0.00) by 1.40 [244056.5% over],,,,0,,0.28537079372741436,-0.005504951320061839,0.2908757450474762,1,left_hip_acceleration: 0.29 > GT -0.01 (tol 0.00) by 0.29 [52838.9% over],-0.27880507512347846,-0.006439254896908678,-0.2723658202265698,1,right_hip_acceleration: -0.28 < GT -0.01 (tol 0.00) by 0.27 [42297.7% over],-0.20574477835682442,-0.013469656329597273,-0.19227512202722716,1,left_knee_acceleration: -0.21 < GT -0.01 (tol 0.00) by 0.19 [14274.7% over],,,,0,,1.0321470825923718,-0.020125741907102236,1.052272824499474,1,left_ankle_acceleration: 1.03 > GT -0.02 (tol 0.00) by 1.05 [52284.9% over],,0.03031945838000113,,0,
0,25,137,0,117.77834014649778,149.70473654768742,-31.926396401189635,1,left_elbow: 117.78 < GT 149.70 (tol 15.00) by 31.93 [212.8% over],,,,0,,123.06236591081175,162.11585620686267,-39.053490296050924,1,left_knee: 123.06 < GT 162.12 (tol 15.00) by 39.05 [260.4% over],,,,0,,90.37153265932004,151.34072092789782,-60.96918826857778,1,left_hip: 90.37 < GT 151.34 (tol 15.00) by 60.97 [406.5% over],,,,0,,84.15845246462081,77.291566930007,6.8668855346138145,0,,,,,0,,36.15607095587023,-1.25307993360531,37.40915088947554,1,left_elbow_angular_speed: 36.16 > GT -1.25 (tol 5.00) by 37.41 [748.2% over],,,,0,,-1.5339585510954679,-0.3218597272772531,-1.2120988238182147,0,,,,,0,,12.773978754201543,1.87757993176164,10.896398822439904,1,left_hip_angular_speed: 12.77 > GT 1.88 (tol 5.00) by 10.90 [217.9% over],,,,0,,-18.427333779198722,-0.9345652966233754,-17.492768482575347,1,left_ankle_angular_speed: -18.43 < GT -0.93 (tol 5.00) by 17.49 [349.9% over],,,,0,,1.5417467993685094,-0.005753575329540819,1.5475003746980502,1,left_elbow_acceleration: 1.54 > GT -0.01 (tol 0.00) by 1.55 [268963.3% over],,,,0,,0.3281803859753109,-0.005504951320061839,0.33368533729537275,1,left_hip_acceleration: 0.33 > GT -0.01 (tol 0.00) by 0.33 [60615.5% over],-0.04391007446895088,-0.006439254896908678,-0.0374708195720422,1,right_hip_acceleration: -0.04 < GT -0.01 (tol 0.00) by 0.04 [5819.1% over],-0.010908729936003156,-0.013469656329597273,0.002560926393594117,1,left_knee_acceleration: -0.01 > GT -0.01 (tol 0.00) by 0.00 [190.1% over],,,,0,,0.9098548225636993,-0.020125741907102236,0.9299805644708016,1,left_ankle_acceleration: 0.91 > GT -0.02 (tol 0.00) by 0.93 [46208.5% over],,0.03031945838000113,,0,
0,26,138,0,118.6623865273027,149.70473654768742,-31.042350020384717,1,left_elbow: 118.66 < GT 149.70 (tol 15.00) by 31.04 [206.9% over],,,,0,,123.02485933253736,162.11585620686267,-39.09099687432531,1,left_knee: 123.02 < GT 162.12 (tol 15.00) by 39.09 [260.6% over],,,,0,,90.68386719644145,151.34072092789782,-60.656853731456366,1,left_hip: 90.68 < GT 151.34 (tol 15.00) by 60.66 [404.4% over],,,,0,,83.70788863661892,77.291566930007,6.4163217066119245,0,,,,,0,,45.56892269174751,-1.25307993360531,46.82200262535282,1,left_elbow_angular_speed: 45.57 > GT -1.25 (tol 5.00) by 46.82 [936.4% over],,,,0,,1.5679513496888118,-0.3218597272772531,1.889811076966065,0,,,,,0,,17.127721033804796,1.87757993176164,15.250141102043157,1,left_hip_angular_speed: 17.13 > GT 1.88 (tol 5.00) by 15.25 [305.0% over],,,,0,,-18.848508198197123,-0.9345652966233754,-17.913942901573748,1,left_ankle_angular_speed: -18.85 < GT -0.93 (tol 5.00) by 17.91 [358.3% over],,,,0,,0.990771694613193,-0.005753575329540819,0.9965252699427338,1,left_elbow_acceleration: 0.99 > GT -0.01 (tol 0.00) by 1.00 [173201.0% over],,,,0,,0.250200228281002,-0.005504951320061839,0.25570517960106387,1,left_hip_acceleration: 0.25 > GT -0.01 (tol 0.00) by 0.26 [46450.0% over],0.12295391007850714,-0.006439254896908678,0.1293931649754158,1,right_hip_acceleration: 0.12 > GT -0.01 (tol 0.00) by 0.13 [20094.4% over],0.04370060945195938,-0.013469656329597273,0.05717026578155665,1,left_knee_acceleration: 0.04 > GT -0.01 (tol 0.00) by 0.06 [4244.4% over],,,,0,,0.2089588651434501,-0.020125741907102236,0.22908460705055234,1,left_ankle_acceleration: 0.21 > GT -0.02 (tol 0.00) by 0.23 [11382.7% over],,0.03031945838000113,,0,
0,27,139,0,119.74381451426804,149.70473654768742,-29.96092203341938,1,left_elbow: 119.74 < GT 149.70 (tol 15.00) by 29.96 [199.7% over],,,,0,,123.0620694830433,162.11585620686267,-39.05378672381937,1,left_knee: 123.06 < GT 162.12 (tol 15.00) by 39.05 [260.4% over],,,,0,,91.09033712780645,151.34072092789782,-60.25038380009137,1,left_hip: 91.09 < GT 151.34 (tol 15.00) by 60.25 [401.7% over],,,,0,,83.26058150109677,77.291566930007,5.969014571089772,0,,,,,0,,52.08090584262155,-1.25307993360531,53.333985776226854,1,left_elbow_angular_speed: 52.08 > GT -1.25 (tol 5.00) by 53.33 [1066.7% over],,,,0,,4.108387488346994,-0.3218597272772531,4.430247215624248,0,,,,,0,,20.567274624177948,1.87757993176164,18.689694692416307,1,left_hip_angular_speed: 20.57 > GT 1.88 (tol 5.00) by 18.69 [373.8% over],,,,0,,-17.84002059228575,-0.9345652966233754,-16.905455295662374,1,left_ankle_angular_speed: -17.84 < GT -0.93 (tol 5.00) by 16.91 [338.1% over],,,,0,,0.3730279083258369,-0.005753575329540819,0.37878148365537767,1,left_elbow_acceleration: 0.37 > GT -0.01 (tol 0.00) by 0.38 [65834.1% over],,,,0,,0.12335028319811184,-0.005504951320061839,0.12885523451817368,1,left_hip_acceleration: 0.12 > GT -0.01 (tol 0.00) by 0.13 [23407.2% over],0.19630978331530216,-0.006439254896908678,0.20274903821221085,1,right_hip_acceleration: 0.20 > GT -0.01 (tol 0.00) by 0.20 [31486.4% over],0.043032466421429556,-0.013469656329597273,0.056502122751026826,1,left_knee_acceleration: 0.04 > GT -0.01 (tol 0.00) by 0.06 [4194.8% over],,,,0,,-0.3878246384539523,-0.020125741907102236,-0.36769889654685006,1,left_ankle_acceleration: -0.39 < GT -0.02 (tol 0.00) by 0.37 [18270.1% over],,0.03031945838000113,,0,
0,28,140,0,120.97978292953447,149.70473654768742,-28.724953618152952,1,left_elbow: 120.98 < GT 149.70 (tol 15.00) by 28.72 [191.5% over],,,,0,,123.15956850098698,162.11585620686267,-38.956287705875695,1,left_knee: 123.16 < GT 162.12 (tol 15.00) by 38.96 [259.7% over],,,,0,,91.5784335119287,151.34072092789782,-59.762287415969126,1,left_hip: 91.58 < GT 151.34 (tol 15.00) by 59.76 [398.4% over],,,,0,,82.83720749054484,77.291566930007,5.545640560537848,0,,,,,0,,55.11771549723479,-1.25307993360531,56.370795430840104,1,left_elbow_angular_speed: 55.12 > GT -1.25 (tol 5.00) by 56.37 [1127.4% over],,,,0,,5.753508262200288,-0.3218597272772531,6.075367989477542,1,left_knee_angular_speed: 5.75 > GT -0.32 (tol 5.00) by 6.08 [121.5% over],,,,0,,22.928585480206994,1.87757993176164,21.051005548445353,1,left_hip_angular_speed: 22.93 > GT 1.88 (tol 5.00) by 21.05 [421.0% over],,,,0,,-16.278215301948475,-0.9345652966233754,-15.343650005325099,1,left_ankle_angular_speed: -16.28 < GT -0.93 (tol 5.00) by 15.34 [306.9% over],,,,0,,0.8854648896044016,-0.005753575329540819,0.8912184649339424,1,left_elbow_acceleration: 0.89 > GT -0.01 (tol 0.00) by 0.89 [154898.2% over],,,,0,,0.16401317390390108,-0.005504951320061839,0.16951812522396292,1,left_hip_acceleration: 0.16 > GT -0.01 (tol 0.00) by 0.17 [30793.8% over],0.2781024919401732,-0.006439254896908678,0.2845417468370819,1,right_hip_acceleration: 0.28 > GT -0.01 (tol 0.00) by 0.28 [44188.6% over],0.13748219522685218,-0.013469656329597273,0.15095185155644944,1,left_knee_acceleration: 0.14 > GT -0.01 (tol 0.00) by 0.15 [11206.8% over],,,,0,,-0.059838639385508666,-0.020125741907102236,-0.03971289747840643,1,left_ankle_acceleration: -0.06 < GT -0.02 (tol 0.00) by 0.04 [1973.2% over],,0.03031945838000113,,0,
0,29,141,0,122.32745748640316,149.70473654768742,-27.377279061284256,1,left_elbow: 122.33 < GT 149.70 (tol 15.00) by 27.38 [182.5% over],,,,0,,123.30024662285308,162.11585620686267,-38.81560958400959,1,left_knee: 123.30 < GT 162.12 (tol 15.00) by 38.82 [258.8% over],,,,0,,92.13905673438816,151.34072092789782,-59.20166419350966,1,left_hip: 92.14 < GT 151.34 (tol 15.00) by 59.20 [394.7% over],,,,0,,82.4391914190194,77.291566930007,5.147624489012401,0,,,,,0,,60.32960149041714,-1.25307993360531,61.582681424022454,1,left_elbow_angular_speed: 60.33 > GT -1.25 (tol 5.00) by 61.58 [1231.7% over],,,,0,,7.197997828393546,-0.3218597272772531,7.519857555670799,1,left_knee_angular_speed: 7.20 > GT -0.32 (tol 5.00) by 7.52 [150.4% over],,,,0,,26.608335326008536,1.87757993176164,24.730755394246895,1,left_hip_angular_speed: 26.61 > GT 1.88 (tol 5.00) by 24.73 [494.6% over],,,,0,,-16.59938945085495,-0.9345652966233754,-15.664824154231574,1,left_ankle_angular_speed: -16.60 < GT -0.93 (tol 5.00) by 15.66 [313.3% over],,,,0,,0.6218430348480231,-0.005753575329540819,0.6275966101775639,1,left_elbow_acceleration: 0.62 > GT -0.01 (tol 0.00) by 0.63 [109079.4% over],,,,0,,0.06934051692364777,-0.005504951320061839,0.0748454682437096,1,left_hip_acceleration: 0.07 > GT -0.01 (tol 0.00) by 0.07 [13596.0% over],0.2113785392247747,-0.006439254896908678,0.2178177941216834,1,right_hip_acceleration: 0.21 > GT -0.01 (tol 0.00) by 0.22 [33826.6% over],0.13269472299173077,-0.013469656329597273,0.14616437932132803,1,left_knee_acceleration: 0.13 > GT -0.01 (tol 0.00) by 0.15 [10851.4% over],,,,0,,-0.008819147413345241,-0.020125741907102236,0.011306594493756995,1,left_ankle_acceleration: -0.01 > GT -0.02 (tol 0.00) by 0.01 [561.8% over],,0.03031945838000113,,0,
0,30,142,0,123.75918146933634,149.70473654768742,-25.945555078351077,1,left_elbow: 123.76 < GT 149.70 (tol 15.00) by 25.95 [173.0% over],,,,0,,123.47106734544063,162.11585620686267,-38.64478886142204,1,left_knee: 123.47 < GT 162.12 (tol 15.00) by 38.64 [257.6% over],,,,0,,92.77051775668956,151.34072092789782,-58.57020317120826,1,left_hip: 92.77 < GT 151.34 (tol 15.00) by 58.57 [390.5% over],,,,0,,82.04525969409971,77.291566930007,4.753692764092719,0,,,,,0,,63.629665450898514,-1.25307993360531,64.88274538450382,1,left_elbow_angular_speed: 63.63 > GT -1.25 (tol 5.00) by 64.88 [1297.7% over],,,,0,,8.323608123325792,-0.3218597272772531,8.645467850603046,1,left_knee_angular_speed: 8.32 > GT -0.32 (tol 5.00) by 8.65 [172.9% over],,,,0,,29.7784609390446,1.87757993176164,27.90088100728296,1,left_hip_angular_speed: 29.78 > GT 1.88 (tol 5.00) by 27.90 [558.0% over],,,,0,,-17.712422412917324,-0.9345652966233754,-16.777857116293948,1,left_ankle_angular_speed: -17.71 < GT -0.93 (tol 5.00) by 16.78 [335.6% over],,,,0,,0.35439490760605613,-0.005753575329540819,0.3601484829355969,1,left_elbow_acceleration: 0.35 > GT -0.01 (tol 0.00) by 0.36 [62595.6% over],,,,0,,-0.014589370419691982,-0.005504951320061839,-0.009084419099630143,1,left_hip_acceleration: -0.01 < GT -0.01 (tol 0.00) by 0.01 [1650.2% over],0.10989708713647486,-0.006439254896908678,0.11633634203338354,1,right_hip_acceleration: 0.11 > GT -0.01 (tol 0.00) by 0.12 [18066.7% over],0.07908877049407338,-0.013469656329597273,0.09255842682367066,1,left_knee_acceleration: 0.08 > GT -0.01 (tol 0.00) by 0.09 [6871.6% over],,,,0,,0.15647433299204203,-0.020125741907102236,0.17660007489914425,1,left_ankle_acceleration: 0.16 > GT -0.02 (tol 0.00) by 0.18 [8774.8% over],,0.03031945838000113,,0,
0,31,143,0,125.26922157902506,149.70473654768742,-24.43551496866236,1,left_elbow: 125.27 < GT 149.70 (tol 15.00) by 24.44 [162.9% over],,,,0,,123.66860071347715,162.11585620686267,-38.447255493385526,1,left_knee: 123.67 < GT 162.12 (tol 15.00) by 38.45 [256.3% over],,,,0,,93.47721124791113,151.34072092789782,-57.86350967998669,1,left_hip: 93.48 < GT 151.34 (tol 15.00) by 57.86 [385.8% over],,,,0,,81.6249138052172,77.291566930007,4.333346875210211,0,,,,,0,,65.30594006585224,-1.25307993360531,66.55901999945755,1,left_elbow_angular_speed: 65.31 > GT -1.25 (tol 5.00) by 66.56 [1331.2% over],,,,0,,9.503018158399952,-0.3218597272772531,9.824877885677205,1,left_knee_angular_speed: 9.50 > GT -0.32 (tol 5.00) by 9.82 [196.5% over],,,,0,,32.224487714883566,1.87757993176164,30.346907783121924,1,left_hip_angular_speed: 32.22 > GT 1.88 (tol 5.00) by 30.35 [606.9% over],,,,0,,-18.927425216586677,-0.9345652966233754,-17.9928599199633,1,left_ankle_angular_speed: -18.93 < GT -0.93 (tol 5.00) by 17.99 [359.9% over],,,,0,,1.1908325562062607,-0.005753575329540819,1.1965861315358015,1,left_elbow_acceleration: 1.19 > GT -0.01 (tol 0.00) by 1.20 [207972.6% over],,,,0,,0.09762401927467501,-0.005504951320061839,0.10312897059473686,1,left_hip_acceleration: 0.10 > GT -0.01 (tol 0.00) by 0.10 [18733.9% over],0.19155227109906073,-0.006439254896908678,0.19799152599596942,1,right_hip_acceleration: 0.19 > GT -0.01 (tol 0.00) by 0.20 [30747.6% over],0.15620278544318078,-0.013469656329597273,0.16967244177277804,1,left_knee_acceleration: 0.16 > GT -0.01 (tol 0.00) by 0.17 [12596.6% over],,,,0,,0.7970356399241016,-0.020125741907102236,0.8171613818312039,1,left_ankle_acceleration: 0.80 > GT -0.02 (tol 0.00) by 0.82 [40602.8% over],,0.03031945838000113,,0,
0,32,144,0,126.86600680579224,149.70473654768742,-22.83872974189518,1,left_elbow: 126.87 < GT 149.70 (tol 15.00) by 22.84 [152.3% over],,,,0,,123.90095750965422,162.11585620686267,-38.214898697208454,1,left_knee: 123.90 < GT 162.12 (tol 15.00) by 38.21 [254.8% over],,,,0,,94.26512710780658,151.34072092789782,-57.07559382009124,1,left_hip: 94.27 < GT 151.34 (tol 15.00) by 57.08 [380.5% over],,,,0,,81.1621223204593,77.291566930007,3.87055539045231,0,,,,,0,,71.1995546163203,-1.25307993360531,72.4526345499256,1,left_elbow_angular_speed: 71.20 > GT -1.25 (tol 5.00) by 72.45 [1449.1% over],,,,0,,11.945564398864713,-0.3218597272772531,12.267424126141966,1,left_knee_angular_speed: 11.95 > GT -0.32 (tol 5.00) by 12.27 [245.3% over],,,,0,,36.775432564820996,1.87757993176164,34.89785263305936,1,left_hip_angular_speed: 36.78 > GT 1.88 (tol 5.00) by 34.90 [698.0% over],,,,0,,-20.765041653803113,-0.9345652966233754,-19.830476357179737,1,left_ankle_angular_speed: -20.77 < GT -0.93 (tol 5.00) by 19.83 [396.6% over],,,,0,,0.8483256849983493,-0.005753575329540819,0.85407926032789,1,left_elbow_acceleration: 0.85 > GT -0.01 (tol 0.00) by 0.85 [148443.2% over],,,,0,,0.03084912201942873,-0.005504951320061839,0.03635407333949057,1,left_hip_acceleration: 0.03 > GT -0.01 (tol 0.00) by 0.04 [6603.9% over],0.14018800788904986,-0.006439254896908678,0.14662726278595856,1,right_hip_acceleration: 0.14 > GT -0.01 (tol 0.00) by 0.15 [22770.8% over],0.1595632972662217,-0.013469656329597273,0.17303295359581897,1,left_knee_acceleration: 0.16 > GT -0.01 (tol 0.00) by 0.17 [12846.1% over],,,,0,,0.7109674012194412,-0.020125741907102236,0.7310931431265435,1,left_ankle_acceleration: 0.71 > GT -0.02 (tol 0.00) by 0.73 [36326.3% over],,0.03031945838000113,,0,
0,33,145,0,128.5556932515835,149.70473654768742,-21.149043296103912,1,left_elbow: 128.56 < GT 149.70 (tol 15.00) by 21.15 [141.0% over],,,,0,,124.18444605618878,162.11585620686267,-37.9314101506739,1,left_knee: 124.18 < GT 162.12 (tol 15.00) by 37.93 [252.9% over],,,,0,,95.13787062815221,151.34072092789782,-56.202850299745606,1,left_hip: 95.14 < GT 151.34 (tol 15.00) by 56.20 [374.7% over],,,,0,,80.66933258858815,77.291566930007,3.377765658581154,0,,,,,0,,74.80291670127113,-1.25307993360531,76.05599663487644,1,left_elbow_angular_speed: 74.80 > GT -1.25 (tol 5.00) by 76.06 [1521.1% over],,,,0,,14.750090330382903,-0.3218597272772531,15.071950057660157,1,left_knee_angular_speed: 14.75 > GT -0.32 (tol 5.00) by 15.07 [301.4% over],,,,0,,40.32197419563613,1.87757993176164,38.44439426387449,1,left_hip_angular_speed: 40.32 > GT 1.88 (tol 5.00) by 38.44 [768.9% over],,,,0,,-20.66027905702965,-0.9345652966233754,-19.725713760406276,1,left_ankle_angular_speed: -20.66 < GT -0.93 (tol 5.00) by 19.73 [394.5% over],,,,0,,0.32140263000662866,-0.005753575329540819,0.32715620533616946,1,left_elbow_acceleration: 0.32 > GT -0.01 (tol 0.00) by 0.33 [56861.4% over],,,,0,,-0.03991470914437031,-0.005504951320061839,-0.03440975782430847,1,left_hip_acceleration: -0.04 < GT -0.01 (tol 0.00) by 0.03 [6250.7% over],0.07907396842545504,-0.006439254896908678,0.08551322332236372,1,right_hip_acceleration: 0.08 > GT -0.01 (tol 0.00) by 0.09 [13280.0% over],0.15012964735032852,-0.013469656329597273,0.16359930367992578,1,left_knee_acceleration: 0.15 > GT -0.01 (tol 0.00) by 0.16 [12145.8% over],,,,0,,0.3938469165404429,-0.020125741907102236,0.41397265844754516,1,left_ankle_acceleration: 0.39 > GT -0.02 (tol 0.00) by 0.41 [20569.3% over],,0.03031945838000113,,0,
0,34,146,0,130.33089360412643,149.70473654768742,-19.373842943560987,1,left_elbow: 130.33 < GT 149.70 (tol 15.00) by 19.37 [129.2% over],,,,0,,124.53449076980742,162.11585620686267,-37.581365437055254,1,left_knee: 124.53 < GT 162.12 (tol 15.00) by 37.58 [250.5% over],,,,0,,96.09477960929765,151.34072092789782,-55.245941318600174,1,left_hip: 96.09 < GT 151.34 (tol 15.00) by 55.25 [368.3% over],,,,0,,80.1790290511988,77.291566930007,2.8874621211918026,0,,,,,0,,75.33021552320582,-1.25307993360531,76.58329545681113,1,left_elbow_angular_speed: 75.33 > GT -1.25 (tol 5.00) by 76.58 [1531.7% over],,,,0,,17.1596747454091,-0.3218597272772531,17.481534472686352,1,left_knee_angular_speed: 17.16 > GT -0.32 (tol 5.00) by 17.48 [349.6% over],,,,0,,42.369742248590875,1.87757993176164,40.49216231682924,1,left_hip_angular_speed: 42.37 > GT 1.88 (tol 5.00) by 40.49 [809.8% over],,,,0,,-18.76423358491466,-0.9345652966233754,-17.829668288291284,1,left_ankle_angular_speed: -18.76 < GT -0.93 (tol 5.00) by 17.83 [356.6% over],,,,0,,1.1171986359917545,-0.005753575329540819,1.1229522113212953,1,left_elbow_acceleration: 1.12 > GT -0.01 (tol 0.00) by 1.12 [195174.7% over],,,,0,,0.08881332256047893,-0.005504951320061839,0.09431827388054076,1,left_hip_acceleration: 0.09 > GT -0.01 (tol 0.00) by 0.09 [17133.4% over],0.20799306403738704,-0.006439254896908678,0.2144323189342957,1,right_hip_acceleration: 0.21 > GT -0.01 (tol 0.00) by 0.21 [33300.8% over],0.26151382102902004,-0.013469656329597273,0.27498347735861733,1,left_knee_acceleration: 0.26 > GT -0.01 (tol 0.00) by 0.27 [20415.0% over],,,,0,,0.7478593092471383,-0.020125741907102236,0.7679850511542405,1,left_ankle_acceleration: 0.75 > GT -0.02 (tol 0.00) by 0.77 [38159.3% over],,0.03031945838000113,,0,
0,35,147,0,132.1727808069651,149.70473654768742,-17.53195574072231,1,left_elbow: 132.17 < GT 149.70 (tol 15.00) by 17.53 [116.9% over],,,,0,,124.95405926697582,162.11585620686267,-37.161796939886855,1,left_knee: 124.95 < GT 162.12 (tol 15.00) by 37.16 [247.7% over],,,,0,,97.13075548555426,151.34072092789782,-54.20996544234356,1,left_hip: 97.13 < GT 151.34 (tol 15.00) by 54.21 [361.4% over],,,,0,,79.72022773925401,77.291566930007,2.4286608092470203,0,,,,,0,,79.55953247061886,-1.25307993360531,80.81261240422417,1,left_elbow_angular_speed: 79.56 > GT -1.25 (tol 5.00) by 80.81 [1616.3% over],,,,0,,19.846646897337536,-0.3218597272772531,20.16850662461479,1,left_knee_angular_speed: 19.85 > GT -0.32 (tol 5.00) by 20.17 [403.4% over],,,,0,,46.607160597824056,1.87757993176164,44.72958066606242,1,left_hip_angular_speed: 46.61 > GT 1.88 (tol 5.00) by 44.73 [894.6% over],,,,0,,-17.761737774553396,-0.9345652966233754,-16.82717247793002,1,left_ankle_angular_speed: -17.76 < GT -0.93 (tol 5.00) by 16.83 [336.5% over],,,,0,,0.59422181901322,-0.005753575329540819,0.5999753943427608,1,left_elbow_acceleration: 0.59 > GT -0.01 (tol 0.00) by 0.60 [104278.7% over],,,,0,,0.03503592787233752,-0.005504951320061839,0.04054087919239936,1,left_hip_acceleration: 0.04 > GT -0.01 (tol 0.00) by 0.04 [7364.4% over],0.12580924929460774,-0.006439254896908678,0.1322485041915164,1,right_hip_acceleration: 0.13 > GT -0.01 (tol 0.00) by 0.13 [20537.9% over],0.18363020134122682,-0.013469656329597273,0.19709985767082408,1,left_knee_acceleration: 0.18 > GT -0.01 (tol 0.00) by 0.20 [14632.9% over],,,,0,,0.35062391263407533,-0.020125741907102236,0.3707496545411776,1,left_ankle_acceleration: 0.35 > GT -0.02 (tol 0.00) by 0.37 [18421.7% over],,0.03031945838000113,,0,
0,36,148,0,134.0608637363249,149.70473654768742,-15.643872811362513,1,left_elbow: 134.06 < GT 149.70 (tol 15.00) by 15.64 [104.3% over],,,,0,,125.42505393032094,162.11585620686267,-36.69080227654173,1,left_knee: 125.43 < GT 162.12 (tol 15.00) by 36.69 [244.6% over],,,,0,,98.23682262267802,151.34072092789782,-53.1038983052198,1,left_hip: 98.24 < GT 151.34 (tol 15.00) by 53.10 [354.0% over],,,,0,,79.29871151302073,77.291566930007,2.0071445830137407,0,,,,,0,,80.79886454737525,-1.25307993360531,82.05194448098055,1,left_elbow_angular_speed: 80.80 > GT -1.25 (tol 5.00) by 82.05 [1641.0% over],,,,0,,20.38489871580675,-0.3218597272772531,20.706758443084002,1,left_knee_angular_speed: 20.38 > GT -0.32 (tol 5.00) by 20.71 [414.1% over],,,,0,,49.05089695739187,1.87757993176164,47.17331702563023,1,left_hip_angular_speed: 49.05 > GT 1.88 (tol 5.00) by 47.17 [943.5% over],,,,0,,-16.987623523866922,-0.9345652966233754,-16.053058227243547,1,left_ankle_angular_speed: -16.99 < GT -0.93 (tol 5.00) by 16.05 [321.1% over],,,,0,,-0.05128372723396067,-0.005753575329540819,-0.04553015190441985,1,left_elbow_acceleration: -0.05 < GT -0.01 (tol 0.00) by 0.05 [7913.4% over],,,,0,,-0.02526702659857759,-0.005504951320061839,-0.019762075278515753,1,left_hip_acceleration: -0.03 < GT -0.01 (tol 0.00) by 0.02 [3589.9% over],0.01810232591817468,-0.006439254896908678,0.02454158081508336,1,right_hip_acceleration: 0.02 > GT -0.01 (tol 0.00) by 0.02 [3811.2% over],0.07771391126904414,-0.013469656329597273,0.09118356759864142,1,left_knee_acceleration: 0.08 > GT -0.01 (tol 0.00) by 0.09 [6769.6% over],,,,0,,-0.10896676039612262,-0.020125741907102236,-0.08884101848902037,1,left_ankle_acceleration: -0.11 < GT -0.02 (tol 0.00) by 0.09 [4414.3% over],,0.03031945838000113,,0,
0,37,149,0,135.97835812230426,149.70473654768742,-13.72637842538316,0,,,,,0,,125.90882222416124,162.11585620686267,-36.20703398270143,1,left_knee: 125.91 < GT 162.12 (tol 15.00) by 36.21 [241.4% over],,,,0,,99.40088377712534,151.34072092789782,-51.939837150772476,1,left_hip: 99.40 < GT 151.34 (tol 15.00) by 51.94 [346.3% over],,,,0,,78.89556633368413,77.291566930007,1.6039994036771361,0,,,,,0,,78.95016257434118,-1.25307993360531,80.20324250794648,1,left_elbow_angular_speed: 78.95 > GT -1.25 (tol 5.00) by 80.20 [1604.1% over],,,,0,,18.4782419595119,-0.3218597272772531,18.800101686789155,1,left_knee_angular_speed: 18.48 > GT -0.32 (tol 5.00) by 18.80 [376.0% over],,,,0,,49.425214434498635,1.87757993176164,47.547634502737,1,left_hip_angular_speed: 49.43 > GT 1.88 (tol 5.00) by 47.55 [951.0% over],,,,0,,-16.810077391952824,-0.9345652966233754,-15.875512095329448,1,left_ankle_angular_speed: -16.81 < GT -0.93 (tol 5.00) by 15.88 [317.5% over],,,,0,,0.7327775113559751,-0.005753575329540819,0.7385310866855159,1,left_elbow_acceleration: 0.73 > GT -0.01 (tol 0.00) by 0.74 [128360.4% over],,,,0,,0.10246884805390535,-0.005504951320061839,0.1079737993739672,1,left_hip_acceleration: 0.10 > GT -0.01 (tol 0.00) by 0.11 [19613.9% over],0.14938328529573244,-0.006439254896908678,0.15582254019264113,1,right_hip_acceleration: 0.15 > GT -0.01 (tol 0.00) by 0.16 [24198.8% over],0.20923216659870342,-0.013469656329597273,0.22270182292830068,1,left_knee_acceleration: 0.21 > GT -0.01 (tol 0.00) by 0.22 [16533.6% over],,,,0,,0.30878898344378036,-0.020125741907102236,0.3289147253508826,1,left_ankle_acceleration: 0.31 > GT -0.02 (tol 0.00) by 0.33 [16343.0% over],,0.03031945838000113,,0,
0,38,150,0,137.90875607879113,149.70473654768742,-11.795980468896289,0,,,,,0,,126.36063080004003,162.11585620686267,-35.755225406822646,1,left_knee: 126.36 < GT 162.12 (tol 15.00) by 35.76 [238.4% over],,,,0,,100.60937188952715,151.34072092789782,-50.73134903837067,1,left_hip: 100.61 < GT 151.34 (tol 15.00) by 50.73 [338.2% over],,,,0,,78.4845457861931,77.291566930007,1.1929788561861017,0,,,,,0,,80.93693054822548,-1.25307993360531,82.19001048183078,1,left_elbow_angular_speed: 80.94 > GT -1.25 (tol 5.00) by 82.19 [1643.8% over],,,,0,,16.539838765930934,-0.3218597272772531,16.861698493208188,1,left_knee_angular_speed: 16.54 > GT -0.32 (tol 5.00) by 16.86 [337.2% over],,,,0,,52.297393376988,1.87757993176164,50.41981344522636,1,left_hip_angular_speed: 52.30 > GT 1.88 (tol 5.00) by 50.42 [1008.4% over],,,,0,,-18.15623541025086,-0.9345652966233754,-17.221670113627486,1,left_ankle_angular_speed: -18.16 < GT -0.93 (tol 5.00) by 17.22 [344.4% over],,,,0,,-0.05594716635131344,-0.005753575329540819,-0.05019359102177262,1,left_elbow_acceleration: -0.06 < GT -0.01 (tol 0.00) by 0.05 [8723.9% over],,,,0,,0.013722319340817435,-0.005504951320061839,0.019227270660879273,1,left_hip_acceleration: 0.01 > GT -0.01 (tol 0.00) by 0.02 [3492.7% over],0.05871574968015357,-0.006439254896908678,0.06515500457706225,1,right_hip_acceleration: 0.06 > GT -0.01 (tol 0.00) by 0.07 [10118.4% over],0.16930885551797367,-0.013469656329597273,0.18277851184757093,1,left_knee_acceleration: 0.17 > GT -0.01 (tol 0.00) by 0.18 [13569.6% over],,,,0,,-0.05235363394699655,-0.020125741907102236,-0.03222789203989431,1,left_ankle_acceleration: -0.05 < GT -0.02 (tol 0.00) by 0.03 [1601.3% over],,0.03031945838000113,,0,
0,39,151,0,139.82952700563536,149.70473654768742,-9.875209542052062,0,,,,,0,,126.75314928599079,162.11585620686267,-35.36270692087189,1,left_knee: 126.75 < GT 162.12 (tol 15.00) by 35.36 [235.8% over],,,,0,,101.85047792193842,151.34072092789782,-49.4902430059594,1,left_hip: 101.85 < GT 151.34 (tol 15.00) by 49.49 [329.9% over],,,,0,,78.05366746055446,77.291566930007,0.7621005305474711,0,,,,,0,,79.27760869443406,-1.25307993360531,80.53068862803937,1,left_elbow_angular_speed: 79.28 > GT -1.25 (tol 5.00) by 80.53 [1610.6% over],,,,0,,14.245550036300395,-0.3218597272772531,14.567409763577649,1,left_knee_angular_speed: 14.25 > GT -0.32 (tol 5.00) by 14.57 [291.3% over],,,,0,,53.371416733589584,1.87757993176164,51.493836801827946,1,left_hip_angular_speed: 53.37 > GT 1.88 (tol 5.00) by 51.49 [1029.9% over],,,,0,,-18.542145487385795,-0.9345652966233754,-17.60758019076242,1,left_ankle_angular_speed: -18.54 < GT -0.93 (tol 5.00) by 17.61 [352.2% over],,,,0,,-0.8710063998193128,-0.005753575329540819,-0.865252824489772,1,left_elbow_acceleration: -0.87 < GT -0.01 (tol 0.00) by 0.87 [150385.2% over],,,,0,,-0.08698722886320079,-0.005504951320061839,-0.08148227754313894,1,left_hip_acceleration: -0.09 < GT -0.01 (tol 0.00) by 0.08 [14801.6% over],-0.03933019635456727,-0.006439254896908678,-0.03289094145765859,1,right_hip_acceleration: -0.04 < GT -0.01 (tol 0.00) by 0.03 [5107.9% over],0.11654639914286509,-0.013469656329597273,0.13001605547246237,1,left_knee_acceleration: 0.12 > GT -0.01 (tol 0.00) by 0.13 [9652.5% over],,,,0,,-0.36427308999146896,-0.020125741907102236,-0.3441473480843667,1,left_ankle_acceleration: -0.36 < GT -0.02 (tol 0.00) by 0.34 [17099.9% over],,0.03031945838000113,,0,
0,40,152,0,141.71091940461287,149.70473654768742,-7.993817143074551,0,,,,,0,,127.09122040088594,162.11585620686267,-35.02463580597673,1,left_knee: 127.09 < GT 162.12 (tol 15.00) by 35.02 [233.5% over],,,,0,,103.11707235407202,151.34072092789782,-48.2236485738258,1,left_hip: 103.12 < GT 151.34 (tol 15.00) by 48.22 [321.5% over],,,,0,,77.61363083287107,77.291566930007,0.32206390286407327,0,,,,,0,,74.06410786015888,-1.25307993360531,75.31718779376419,1,left_elbow_angular_speed: 74.06 > GT -1.25 (tol 5.00) by 75.32 [1506.3% over],,,,0,,12.836287715432647,-0.3218597272772531,13.1581474427099,1,left_knee_angular_speed: 12.84 > GT -0.32 (tol 5.00) by 13.16 [263.2% over],,,,0,,52.71927692163861,1.87757993176164,50.84169698987697,1,left_hip_angular_speed: 52.72 > GT 1.88 (tol 5.00) by 50.84 [1016.8% over],,,,0,,-17.311063488795778,-0.9345652966233754,-16.376498192172402,1,left_ankle_angular_speed: -17.31 < GT -0.93 (tol 5.00) by 16.38 [327.5% over],,,,0,,-0.08443908053137779,-0.005753575329540819,-0.07868550520183697,1,left_elbow_acceleration: -0.08 < GT -0.01 (tol 0.00) by 0.08 [13675.9% over],,,,0,,0.025574511922289156,-0.005504951320061839,0.031079463242350995,1,left_hip_acceleration: 0.03 > GT -0.01 (tol 0.00) by 0.03 [5645.7% over],0.10882526874743917,-0.006439254896908678,0.11526452364434785,1,right_hip_acceleration: 0.11 > GT -0.01 (tol 0.00) by 0.12 [17900.3% over],0.30227894121120946,-0.013469656329597273,0.31574859754080675,1,left_knee_acceleration: 0.30 > GT -0.01 (tol 0.00) by 0.32 [23441.5% over],,,,0,,0.20335226271808898,-0.020125741907102236,0.2234780046251912,1,left_ankle_acceleration: 0.20 > GT -0.02 (tol 0.00) by 0.22 [11104.1% over],,0.03031945838000113,,0,
0,41,153,0,143.52184920893907,149.70473654768742,-6.182887338748344,0,,,,,0,,127.40507844457795,162.11585620686267,-34.71077776228472,1,left_knee: 127.41 < GT 162.12 (tol 15.00) by 34.71 [231.4% over],,,,0,,104.4061030681148,151.34072092789782,-46.93461785978302,1,left_hip: 104.41 < GT 151.34 (tol 15.00) by 46.93 [312.9% over],,,,0,,77.19036075344698,77.291566930007,-0.1012061765600123,0,,,,,0,,72.32370758484439,-1.25307993360531,73.57678751844969,1,left_elbow_angular_speed: 72.32 > GT -1.25 (tol 5.00) by 73.58 [1471.5% over],,,,0,,13.701326844801576,-0.3218597272772531,14.02318657207883,1,left_knee_angular_speed: 13.70 > GT -0.32 (tol 5.00) by 14.02 [280.5% over],,,,0,,55.14296067733644,1.87757993176164,53.2653807455748,1,left_hip_angular_speed: 55.14 > GT 1.88 (tol 5.00) by 53.27 [1065.3% over],,,,0,,-15.944759872095927,-0.9345652966233754,-15.010194575472552,1,left_ankle_angular_speed: -15.94 < GT -0.93 (tol 5.00) by 15.01 [300.2% over],,,,0,,-0.7049299789063201,-0.005753575329540819,-0.6991764035767793,1,left_elbow_acceleration: -0.70 < GT -0.01 (tol 0.00) by 0.70 [121520.3% over],,,,0,,-0.05697641771941344,-0.005504951320061839,-0.0514714663993516,1,left_hip_acceleration: -0.06 < GT -0.01 (tol 0.00) by 0.05 [9350.0% over],-2.650224342179368e-05,-0.006439254896908678,0.006412752653486884,1,right_hip_acceleration: -0.00 > GT -0.01 (tol 0.00) by 0.01 [995.9% over],0.22460603625022388,-0.013469656329597273,0.23807569257982114,1,left_knee_acceleration: 0.22 > GT -0.01 (tol 0.00) by 0.24 [17675.0% over],,,,0,,-0.02448614401640336,-0.020125741907102236,-0.004360402109301123,1,left_ankle_acceleration: -0.02 < GT -0.02 (tol 0.00) by 0.00 [216.7% over],,0.03031945838000113,,0,
